-- IAM module: Users extension, Teams, Roles, Permissions, RBAC
-- Migration 003 — runs exactly once via schema_migrations tracking

-- ─── Extend users table ───────────────────────────────────────────────────────
ALTER TABLE users ADD COLUMN display_name VARCHAR(160) NOT NULL DEFAULT '';
ALTER TABLE users ADD COLUMN phone VARCHAR(50) NOT NULL DEFAULT '';
ALTER TABLE users ADD COLUMN job_title VARCHAR(120) NOT NULL DEFAULT '';
ALTER TABLE users ADD COLUMN department VARCHAR(120) NOT NULL DEFAULT '';
ALTER TABLE users ADD COLUMN employee_id VARCHAR(80) NOT NULL DEFAULT '';
ALTER TABLE users ADD COLUMN status VARCHAR(20) NOT NULL DEFAULT 'active';
ALTER TABLE users ADD COLUMN last_login TIMESTAMPTZ;
ALTER TABLE users ADD CONSTRAINT users_status_check
  CHECK (status IN ('active','inactive','invited','suspended','archived'));

-- ─── Extend audit_logs with resource field ────────────────────────────────────
ALTER TABLE audit_logs ADD COLUMN resource VARCHAR(120) NOT NULL DEFAULT '';

-- ─── Teams ────────────────────────────────────────────────────────────────────
CREATE TABLE IF NOT EXISTS teams (
  id UUID PRIMARY KEY,
  organization_id UUID NOT NULL REFERENCES organizations(id) ON DELETE CASCADE,
  name VARCHAR(120) NOT NULL,
  description TEXT NOT NULL DEFAULT '',
  color VARCHAR(20) NOT NULL DEFAULT '',
  icon VARCHAR(80) NOT NULL DEFAULT '',
  parent_team_id UUID REFERENCES teams(id) ON DELETE SET NULL,
  archived_at TIMESTAMPTZ,
  created_at TIMESTAMPTZ NOT NULL DEFAULT NOW(),
  updated_at TIMESTAMPTZ NOT NULL DEFAULT NOW()
);

-- ─── Team Members ─────────────────────────────────────────────────────────────
CREATE TABLE IF NOT EXISTS team_members (
  id UUID PRIMARY KEY,
  team_id UUID NOT NULL REFERENCES teams(id) ON DELETE CASCADE,
  user_id UUID NOT NULL REFERENCES users(id) ON DELETE CASCADE,
  role VARCHAR(40) NOT NULL DEFAULT 'member',
  joined_at TIMESTAMPTZ NOT NULL DEFAULT NOW(),
  UNIQUE (team_id, user_id)
);

-- ─── Roles ────────────────────────────────────────────────────────────────────
CREATE TABLE IF NOT EXISTS roles (
  id UUID PRIMARY KEY,
  organization_id UUID REFERENCES organizations(id) ON DELETE CASCADE,
  name VARCHAR(80) NOT NULL,
  description TEXT NOT NULL DEFAULT '',
  system_role BOOLEAN NOT NULL DEFAULT FALSE,
  created_at TIMESTAMPTZ NOT NULL DEFAULT NOW(),
  updated_at TIMESTAMPTZ NOT NULL DEFAULT NOW()
);

-- ─── Permissions ──────────────────────────────────────────────────────────────
CREATE TABLE IF NOT EXISTS permissions (
  id UUID PRIMARY KEY,
  name VARCHAR(120) NOT NULL UNIQUE,
  category VARCHAR(80) NOT NULL DEFAULT '',
  description TEXT NOT NULL DEFAULT ''
);

-- ─── Role Permissions (many-to-many) ──────────────────────────────────────────
CREATE TABLE IF NOT EXISTS role_permissions (
  id UUID PRIMARY KEY,
  role_id UUID NOT NULL REFERENCES roles(id) ON DELETE CASCADE,
  permission_id UUID NOT NULL REFERENCES permissions(id) ON DELETE CASCADE,
  UNIQUE (role_id, permission_id)
);

-- ─── User Preferences ─────────────────────────────────────────────────────────
CREATE TABLE IF NOT EXISTS user_preferences (
  id UUID PRIMARY KEY,
  user_id UUID NOT NULL REFERENCES users(id) ON DELETE CASCADE,
  organization_id UUID NOT NULL REFERENCES organizations(id) ON DELETE CASCADE,
  category VARCHAR(40) NOT NULL,
  preferences JSONB NOT NULL DEFAULT '{}',
  created_at TIMESTAMPTZ NOT NULL DEFAULT NOW(),
  updated_at TIMESTAMPTZ NOT NULL DEFAULT NOW(),
  UNIQUE (user_id, organization_id, category)
);

-- ─── Indexes ──────────────────────────────────────────────────────────────────
CREATE INDEX IF NOT EXISTS idx_teams_org_id ON teams(organization_id);
CREATE INDEX IF NOT EXISTS idx_teams_parent_id ON teams(parent_team_id);
CREATE INDEX IF NOT EXISTS idx_team_members_team_id ON team_members(team_id);
CREATE INDEX IF NOT EXISTS idx_team_members_user_id ON team_members(user_id);
CREATE INDEX IF NOT EXISTS idx_roles_org_id ON roles(organization_id);
CREATE INDEX IF NOT EXISTS idx_role_permissions_role_id ON role_permissions(role_id);
CREATE INDEX IF NOT EXISTS idx_role_permissions_perm_id ON role_permissions(permission_id);
CREATE INDEX IF NOT EXISTS idx_user_preferences_user_id ON user_preferences(user_id);

-- ─── Seed: System Roles ───────────────────────────────────────────────────────
INSERT INTO roles (id, name, description, system_role) VALUES
  ('aa000000-0000-0000-0000-000000000001', 'Owner',   'Organization owner with full access', true),
  ('aa000000-0000-0000-0000-000000000002', 'Admin',   'Administrator with broad access',     true),
  ('aa000000-0000-0000-0000-000000000003', 'Manager', 'Manager with team and project access', true),
  ('aa000000-0000-0000-0000-000000000004', 'User',    'Standard member with basic access',   true),
  ('aa000000-0000-0000-0000-000000000005', 'Guest',   'Read-only guest access',              true);

-- ─── Seed: Permissions ────────────────────────────────────────────────────────
INSERT INTO permissions (id, name, category, description) VALUES
  ('bb000000-0000-0000-0000-000000000001', 'users.read',      'users',    'View users in the organization'),
  ('bb000000-0000-0000-0000-000000000002', 'users.create',    'users',    'Create new user accounts'),
  ('bb000000-0000-0000-0000-000000000003', 'users.update',    'users',    'Edit user profiles and details'),
  ('bb000000-0000-0000-0000-000000000004', 'users.delete',    'users',    'Deactivate or archive users'),
  ('bb000000-0000-0000-0000-000000000005', 'teams.read',      'teams',    'View teams and memberships'),
  ('bb000000-0000-0000-0000-000000000006', 'teams.create',    'teams',    'Create new teams'),
  ('bb000000-0000-0000-0000-000000000007', 'teams.update',    'teams',    'Edit team details'),
  ('bb000000-0000-0000-0000-000000000008', 'teams.delete',    'teams',    'Archive and delete teams'),
  ('bb000000-0000-0000-0000-000000000009', 'teams.manage',    'teams',    'Manage team members'),
  ('bb000000-0000-0000-0000-000000000010', 'roles.read',      'iam',      'View roles and their permissions'),
  ('bb000000-0000-0000-0000-000000000011', 'roles.manage',    'iam',      'Create, edit, and delete roles'),
  ('bb000000-0000-0000-0000-000000000012', 'permissions.read','iam',      'View available permissions'),
  ('bb000000-0000-0000-0000-000000000013', 'goals.manage',    'goals',    'Manage goals'),
  ('bb000000-0000-0000-0000-000000000014', 'projects.manage', 'projects', 'Manage projects'),
  ('bb000000-0000-0000-0000-000000000015', 'plugins.install', 'platform', 'Install and manage plugins'),
  ('bb000000-0000-0000-0000-000000000016', 'workers.execute', 'platform', 'Execute and manage workers'),
  ('bb000000-0000-0000-0000-000000000017', 'agents.manage',   'platform', 'Manage AI agents'),
  ('bb000000-0000-0000-0000-000000000018', 'settings.manage', 'settings', 'Manage organization settings'),
  ('bb000000-0000-0000-0000-000000000019', 'ai.manage',       'platform', 'Manage AI configuration and credits'),
  ('bb000000-0000-0000-0000-000000000020', 'billing.manage',  'billing',  'Manage billing and subscriptions'),
  ('bb000000-0000-0000-0000-000000000021', 'audit.read',      'security', 'View audit logs');

-- ─── Seed: Owner — all permissions ────────────────────────────────────────────
INSERT INTO role_permissions (id, role_id, permission_id) VALUES
  ('cc000001-0000-0000-0000-000000000001', 'aa000000-0000-0000-0000-000000000001', 'bb000000-0000-0000-0000-000000000001'),
  ('cc000001-0000-0000-0000-000000000002', 'aa000000-0000-0000-0000-000000000001', 'bb000000-0000-0000-0000-000000000002'),
  ('cc000001-0000-0000-0000-000000000003', 'aa000000-0000-0000-0000-000000000001', 'bb000000-0000-0000-0000-000000000003'),
  ('cc000001-0000-0000-0000-000000000004', 'aa000000-0000-0000-0000-000000000001', 'bb000000-0000-0000-0000-000000000004'),
  ('cc000001-0000-0000-0000-000000000005', 'aa000000-0000-0000-0000-000000000001', 'bb000000-0000-0000-0000-000000000005'),
  ('cc000001-0000-0000-0000-000000000006', 'aa000000-0000-0000-0000-000000000001', 'bb000000-0000-0000-0000-000000000006'),
  ('cc000001-0000-0000-0000-000000000007', 'aa000000-0000-0000-0000-000000000001', 'bb000000-0000-0000-0000-000000000007'),
  ('cc000001-0000-0000-0000-000000000008', 'aa000000-0000-0000-0000-000000000001', 'bb000000-0000-0000-0000-000000000008'),
  ('cc000001-0000-0000-0000-000000000009', 'aa000000-0000-0000-0000-000000000001', 'bb000000-0000-0000-0000-000000000009'),
  ('cc000001-0000-0000-0000-000000000010', 'aa000000-0000-0000-0000-000000000001', 'bb000000-0000-0000-0000-000000000010'),
  ('cc000001-0000-0000-0000-000000000011', 'aa000000-0000-0000-0000-000000000001', 'bb000000-0000-0000-0000-000000000011'),
  ('cc000001-0000-0000-0000-000000000012', 'aa000000-0000-0000-0000-000000000001', 'bb000000-0000-0000-0000-000000000012'),
  ('cc000001-0000-0000-0000-000000000013', 'aa000000-0000-0000-0000-000000000001', 'bb000000-0000-0000-0000-000000000013'),
  ('cc000001-0000-0000-0000-000000000014', 'aa000000-0000-0000-0000-000000000001', 'bb000000-0000-0000-0000-000000000014'),
  ('cc000001-0000-0000-0000-000000000015', 'aa000000-0000-0000-0000-000000000001', 'bb000000-0000-0000-0000-000000000015'),
  ('cc000001-0000-0000-0000-000000000016', 'aa000000-0000-0000-0000-000000000001', 'bb000000-0000-0000-0000-000000000016'),
  ('cc000001-0000-0000-0000-000000000017', 'aa000000-0000-0000-0000-000000000001', 'bb000000-0000-0000-0000-000000000017'),
  ('cc000001-0000-0000-0000-000000000018', 'aa000000-0000-0000-0000-000000000001', 'bb000000-0000-0000-0000-000000000018'),
  ('cc000001-0000-0000-0000-000000000019', 'aa000000-0000-0000-0000-000000000001', 'bb000000-0000-0000-0000-000000000019'),
  ('cc000001-0000-0000-0000-000000000020', 'aa000000-0000-0000-0000-000000000001', 'bb000000-0000-0000-0000-000000000020'),
  ('cc000001-0000-0000-0000-000000000021', 'aa000000-0000-0000-0000-000000000001', 'bb000000-0000-0000-0000-000000000021');

-- ─── Seed: Admin — all except billing.manage ──────────────────────────────────
INSERT INTO role_permissions (id, role_id, permission_id) VALUES
  ('cc000002-0000-0000-0000-000000000001', 'aa000000-0000-0000-0000-000000000002', 'bb000000-0000-0000-0000-000000000001'),
  ('cc000002-0000-0000-0000-000000000002', 'aa000000-0000-0000-0000-000000000002', 'bb000000-0000-0000-0000-000000000002'),
  ('cc000002-0000-0000-0000-000000000003', 'aa000000-0000-0000-0000-000000000002', 'bb000000-0000-0000-0000-000000000003'),
  ('cc000002-0000-0000-0000-000000000004', 'aa000000-0000-0000-0000-000000000002', 'bb000000-0000-0000-0000-000000000004'),
  ('cc000002-0000-0000-0000-000000000005', 'aa000000-0000-0000-0000-000000000002', 'bb000000-0000-0000-0000-000000000005'),
  ('cc000002-0000-0000-0000-000000000006', 'aa000000-0000-0000-0000-000000000002', 'bb000000-0000-0000-0000-000000000006'),
  ('cc000002-0000-0000-0000-000000000007', 'aa000000-0000-0000-0000-000000000002', 'bb000000-0000-0000-0000-000000000007'),
  ('cc000002-0000-0000-0000-000000000008', 'aa000000-0000-0000-0000-000000000002', 'bb000000-0000-0000-0000-000000000008'),
  ('cc000002-0000-0000-0000-000000000009', 'aa000000-0000-0000-0000-000000000002', 'bb000000-0000-0000-0000-000000000009'),
  ('cc000002-0000-0000-0000-000000000010', 'aa000000-0000-0000-0000-000000000002', 'bb000000-0000-0000-0000-000000000010'),
  ('cc000002-0000-0000-0000-000000000011', 'aa000000-0000-0000-0000-000000000002', 'bb000000-0000-0000-0000-000000000011'),
  ('cc000002-0000-0000-0000-000000000012', 'aa000000-0000-0000-0000-000000000002', 'bb000000-0000-0000-0000-000000000012'),
  ('cc000002-0000-0000-0000-000000000013', 'aa000000-0000-0000-0000-000000000002', 'bb000000-0000-0000-0000-000000000013'),
  ('cc000002-0000-0000-0000-000000000014', 'aa000000-0000-0000-0000-000000000002', 'bb000000-0000-0000-0000-000000000014'),
  ('cc000002-0000-0000-0000-000000000015', 'aa000000-0000-0000-0000-000000000002', 'bb000000-0000-0000-0000-000000000015'),
  ('cc000002-0000-0000-0000-000000000016', 'aa000000-0000-0000-0000-000000000002', 'bb000000-0000-0000-0000-000000000016'),
  ('cc000002-0000-0000-0000-000000000017', 'aa000000-0000-0000-0000-000000000002', 'bb000000-0000-0000-0000-000000000017'),
  ('cc000002-0000-0000-0000-000000000018', 'aa000000-0000-0000-0000-000000000002', 'bb000000-0000-0000-0000-000000000018'),
  ('cc000002-0000-0000-0000-000000000019', 'aa000000-0000-0000-0000-000000000002', 'bb000000-0000-0000-0000-000000000019'),
  ('cc000002-0000-0000-0000-000000000021', 'aa000000-0000-0000-0000-000000000002', 'bb000000-0000-0000-0000-000000000021');

-- ─── Seed: Manager ────────────────────────────────────────────────────────────
INSERT INTO role_permissions (id, role_id, permission_id) VALUES
  ('cc000003-0000-0000-0000-000000000001', 'aa000000-0000-0000-0000-000000000003', 'bb000000-0000-0000-0000-000000000001'),
  ('cc000003-0000-0000-0000-000000000003', 'aa000000-0000-0000-0000-000000000003', 'bb000000-0000-0000-0000-000000000003'),
  ('cc000003-0000-0000-0000-000000000005', 'aa000000-0000-0000-0000-000000000003', 'bb000000-0000-0000-0000-000000000005'),
  ('cc000003-0000-0000-0000-000000000006', 'aa000000-0000-0000-0000-000000000003', 'bb000000-0000-0000-0000-000000000006'),
  ('cc000003-0000-0000-0000-000000000007', 'aa000000-0000-0000-0000-000000000003', 'bb000000-0000-0000-0000-000000000007'),
  ('cc000003-0000-0000-0000-000000000009', 'aa000000-0000-0000-0000-000000000003', 'bb000000-0000-0000-0000-000000000009'),
  ('cc000003-0000-0000-0000-000000000010', 'aa000000-0000-0000-0000-000000000003', 'bb000000-0000-0000-0000-000000000010'),
  ('cc000003-0000-0000-0000-000000000012', 'aa000000-0000-0000-0000-000000000003', 'bb000000-0000-0000-0000-000000000012'),
  ('cc000003-0000-0000-0000-000000000013', 'aa000000-0000-0000-0000-000000000003', 'bb000000-0000-0000-0000-000000000013'),
  ('cc000003-0000-0000-0000-000000000014', 'aa000000-0000-0000-0000-000000000003', 'bb000000-0000-0000-0000-000000000014'),
  ('cc000003-0000-0000-0000-000000000018', 'aa000000-0000-0000-0000-000000000003', 'bb000000-0000-0000-0000-000000000018'),
  ('cc000003-0000-0000-0000-000000000021', 'aa000000-0000-0000-0000-000000000003', 'bb000000-0000-0000-0000-000000000021');

-- ─── Seed: User ───────────────────────────────────────────────────────────────
INSERT INTO role_permissions (id, role_id, permission_id) VALUES
  ('cc000004-0000-0000-0000-000000000001', 'aa000000-0000-0000-0000-000000000004', 'bb000000-0000-0000-0000-000000000001'),
  ('cc000004-0000-0000-0000-000000000005', 'aa000000-0000-0000-0000-000000000004', 'bb000000-0000-0000-0000-000000000005'),
  ('cc000004-0000-0000-0000-000000000010', 'aa000000-0000-0000-0000-000000000004', 'bb000000-0000-0000-0000-000000000010'),
  ('cc000004-0000-0000-0000-000000000012', 'aa000000-0000-0000-0000-000000000004', 'bb000000-0000-0000-0000-000000000012'),
  ('cc000004-0000-0000-0000-000000000013', 'aa000000-0000-0000-0000-000000000004', 'bb000000-0000-0000-0000-000000000013'),
  ('cc000004-0000-0000-0000-000000000014', 'aa000000-0000-0000-0000-000000000004', 'bb000000-0000-0000-0000-000000000014');

-- ─── Seed: Guest ──────────────────────────────────────────────────────────────
INSERT INTO role_permissions (id, role_id, permission_id) VALUES
  ('cc000005-0000-0000-0000-000000000001', 'aa000000-0000-0000-0000-000000000005', 'bb000000-0000-0000-0000-000000000001'),
  ('cc000005-0000-0000-0000-000000000005', 'aa000000-0000-0000-0000-000000000005', 'bb000000-0000-0000-0000-000000000005');
